{
    "VHDXPath": "D:\\VM\\Setup\\VHDX\\Windows_SERVER_2022_EVAL_x64FRE_en-us-May-17-2024-100GB.VHDX",
    "SwitchName": "Realtek Gaming 2.5GbE Family Controller - Virtual Switch",
    "ParentVHDPath": "D:\\VM\\Setup\\VHDX\\Windows_SERVER_2022_EVAL_x64FRE_en-us-May-17-2024-100GB.VHDX",
    "VMPath": "D:\\VM",
    "InstallMediaPath": "D:\\VM\\Setup\\ISO\\Win11_23H2_English_x64v2_May_19_2024.iso",
    "MemoryStartupBytes": "4GB",
    "MemoryMinimumBytes": "4GB",
    "MemoryMaximumBytes": "16GB",
    "Generation": 2,
    "VMNamePrefixFormat": "{0:D3} - CASN - EJ - Datto EDR",
    "ProcessorCount": 24
}